ID Servicio,Servicio,Precio,Duración,AgendaServicios
COLOR5,Colorimetría (4 Patas),$MXN100,0:30,
COLOR1,Colorimetría (Cola),$MXN100,0:30,136
CAS,Corte Asiático - Chico,$MXN300,,
CAX,Corte Asiático - Extra Grande,$MXN500,,
CAL,Corte Asiático - Grande,$MXN400,,
CMM,Corte Asiático - Mediano,$MXN350,,
CCS,Corte Comercial - Chico,$MXN400,1:30,"4,5,15,16,18,20,23,34,45,46,61,73,85,97,111,121,122,123,125,126,148,21,22,151,189,200,204,239,245,246,249,255,256,273,277,281,283,297,312,324,333,335,345,367,385,388,389,392,396,397,398,401,404,406,418,419,423,433,436,442,445,450,451,454,459,470,478,479,480,493,494,495,496,497,500,507,513,514,516,519,524,528,529,544,545,557,558,560,563,564,571,572,579,583,596,597,599,600,601,603,608,609,610,613,617,618,625,628,629,632,641,642,643,646,647,648,655,656,657,660,667,670,687,688,689,691,697,699,700,702,705,708,709,713,712,714,717,718,724,725,726,730,732,733,734,737,748,750,754,755,756,757,758,759,762,765,770,773,775,776,779,786,787,788,790,796,797,800,801,802,811,821,824,825,826,832,843,844,848,852,855,857,858,860,864,866,869,875,877,881,882,886,1029,893,896,898,899,904,905,909,910,911,916,917,918,921,934,937,938,939,943,944,951,953,954,958,971,972,981,983,984,989,990,992,997,1001,1005,1007,1008,1015,1019,1022,1032,1036,1046,1049,1055,1056,1065,1066,1071,1078,1089,1090,1097,1100,1107,1109,1115,1132,1138,1139,1143,1147,1148,1156,1161,1170,1171,1173,1174,1175,1179,1181,1182,1190,1191,1192,1195,1200,1201,1202,1214,1215,1218,1219,1225,1232,1233,1234,1238,1257,1258,1270,1277,1278,1279,1280,1288,1301,1302,1303,1304,1305,1332,1334,1339,1340,1343,1344,1360,1361,1370,1371,1375,1387,1393,1400,1405,1407,1423,1438,1439,1443,1451,1452,1453,1460,1461,1471,1472,1475,1477,1478,1479,1501,1502,1503,1504,1505,1518,1519,1521,1532,1535,1547,1554,1561,1566,1569,1570,1578,1579,1598,1600,1603,1604,1606,1609,1615,1619,1663,1672,1677,1680,1684,1689,1690,1698,1816,1818,1824,3238,3241,3261"
CCX,Corte Comercial - Extra Grande,$MXN600,2:30,"959,2342,2343"
CCL,Corte Comercial - Grande,$MXN500,2:00,"72,90,91,452,585,659,692,696,784,807,895,960,970,980,1080,1157"
CCM,Corte Comercial - Mediano,$MXN450,1:30,"7,12,17,43,62,63,82,98,131,149,44,78,202,205,216,242,248,263,271,290,311,313,314,322,331,332,346,352,358,368,375,384,390,391,416,420,441,469,472,506,508,517,549,569,570,577,582,584,588,598,605,606,644,658,661,671,672,675,679,693,698,711,716,721,764,798,812,813,763,829,835,837,845,847,859,862,871,873,891,936,940,964,968,969,991,1016,1050,1053,1057,1070,1096,1114,1124,1125,1134,1167,1172,1176,1184,1197,1199,1212,1213,1227,1236,1241,1262,1266,1335,1499,1541,1618,1679,1740,1753"
CSP,Corte Comercial - Puppy,$MXN350,1:00,"188,190,244,252,262,278,304,1539,1577,1648,1813,3229,3231,3236,3256,3257,3258"
CRC,Corte de Raza - Chico,$MXN200,,"1706,1707,1708,1720,1731,1751,1752,1755,1782,1800,1819,1827,1834,1837,1876,1877,1883,1897,1899,1913,1915,1925,1931,1933,1938,1939,1940,1941,1951,1952,1960,1961,1962,1963,1969,1970,1971,1973,1977,1980,1983,1990,1991,1992,1995,1998,1999,1989,2000,2001,2002,2004,2006,2013,2014,2016,2019,2020,2034,2040,2042,2043,2050,2053,2056,2058,2059,2060,2065,2066,2071,2072,2073,2077,2080,2082,2083,2108,2117,2119,2131,2138,2142,2144,2155,2170,2171,2176,2179,2185,2187,2191,2192,2193,2198,2208,2212,2213,2214,2217,2218,2223,2224,2227,2228,2229,2250,2265,2267,2285,2290,2292,2293,2294,2301,2306,2316,2318,2319,2320,2328,2331,2332,2335,2336,2339,2356,2357,2369,2371,2388,2393,2394,2404,2406,2407,2414,2416,2417,2423,2424,2425,2428,2429,2445,2447,2455,2457,2459,2465,2466,2473,2479,2480,2481,2494,2500,2507,2508,2509,2516,2521,2528,2544,2545,2550,2551,2553,2567,2568,2571,2572,2573,2576,2582,2584,2592,2600,2605,2608,2609,2610,2615,2616,2622,2636,2643,2646,2647,2650,2651,2652,2654,2655,2657,2662,2664,2666,2668,2672,2673,2677,2687,2688,2689,2693,2702,2703,2707,2708,2709,2710,2713,2717,2725,2730,2733,2734,2740,2743,2749,2750,2751,2752,2757,2758,2766,2767,2768,2771,2777,2787,2796,2798,2799,2805,2808,2809,2810,2812,2804,2814,2815,2822,2828,2831,2835,2836,2846,2852,2858,2857,2864,2866,2873,2882,2883,2890,2893,2895,2896,2909,2910,2914,2915,2916,2922,2923,2929,2940,2951,2954,2955,2964,2965,2969,2973,2974,2975,2976,2978,2986,2987,2998,2999,3003,3007,3009,3010,3016,3017,3018,3030,3031,3032,3038,3041,3042,3043,3044,3047,3048,3049,3050,3056,3059,3060,3064,3080,3081,3095,3097,3100,3102,3103,3104,3108,3109,3110,3114,3115,3122,3125,3126,3129,3131,3136,3137,3141,3148,3150,3154,3156,3157,3158,3159,3167,3169,3170,3173,3179,3181,3182,3183,3186,3188,3191,3192,3206,3208,3209,3210,3211,3213,3214,3215,3223,3221,3227,3265,3266,3267,3279,3286,3289,3291,3293,3308,3310,3316,3318,3322,3323,3324,3326,3327,3330,3331,3333,3337,3341,3343,3344,3345,3349,3357,3366,3367,3384,3389,3396,3399,3400,3401,3402,3407,3408,3409,3411,3412,3413,3415,3416,3424,3429,3433,3434,3435,3442,3447,3448,3460,3464,3465,3466,3473,3479,3480,3487,3488,3489,3490,3497,3498,3499,3503,3507,3519,3523,3525,3527,3529,3530,3546,3548,3549,3552,3557,3559,3561,3562,3565,3558,3569,3570,3585,3589,3591,3592,3593,3594,3595,3606,3607,3385,3614,3615,3616,3623,3625,3631,3642,3643,3648,3649,3653,3655,3670,3672,3674,3675,3677,3678,3679,3681,3683,3684,3696,3697,3699,3700,3703,3705,3711,3719,3720,3725,3726,3727,3730,3742,3743,3744,3748,3749,3752,3753,3755,3756,3757,3767,3770,3771,3772,3774,3800,3801,3802,3805,3807,3808,3814,3815,3822,3823,3824,3825,3826,3827,3828,3836,3846,3850,3851,3852,3856,3857,3858,3861,3863,3867,3868,3870,1724,3873,3874,3875,3876,3882,3883,3884,3888,3889,3893,3894,3906,3918,3930,3931,3932,3933,3935,3939,3953,3954,3957,3963,3964,3969,3971,3972,3977,3986,3989,3992,3995,3996,3997,3998,3999,4000,4008,4002,4011,4012,4014,4015,4019,4023,4033,4034,4039,4045,4050,4053,4054,4055,4064,4066,4067,4071,4072,4077,4081,4093,4094,4095,4096,4106,4108,4128,4130,4136,4145,4147,4149,4157,4158,4159,4167,4168,4183,4184,4194,4196,4198,4199,4200,4201,4202,4217,4218,4219,4221,4224,4238,4239,4241,4242,4251,4252,4253,4254,4258,4261,4273,4274,4276,4282,4283,4288,4293,4294,4303,4304,4314,4318,4319,4321,4322,4327,4330,4335,4336,4339,4340,4342,4349,4369,4370,4378,4387,4388,4391,4392,4394,4402,4398,4403,4426,4428,4430,4435,4437,4442,4446,4447,4452,4455,4456,4457,4472,4473,4477,4478,4483,4485,4486,4492,4493,4496,4497,4507,4509,4515,4519,4520,4523,4533,4536,4544,4545,4548,4563,4565,4567,4570,4572,4573,4584,4587,4593,4594,4597,4598,4603,4604,4613,4614,4622,4627,4628,4630,4631,4632,4633,4634,4635,4637,4642,4653,4654,4656,4657,4658,4667,4668,4671,4672,4673,4678,4684,4688,4703,4708,4709,4711,4712,4713,4716,4720,4721,4722,4725,4727,4734,4737,4739,4740,4743,4745,4757,4758,4759,4760,4761,4763,4765,4766,4782,4784,4785,4795,4797,4801,4804,4806,4808,4809,4810,4814,4815,4819,4820,4823,4829,4830,4831,4832,4834,4835,4845,4846,4849,4861,4864,4865,4872,4873,4874,4877,4878,4881,4883,4884,4889,4895,4897,4898,4900,4901,4910,4911,4912,4914,4925,4926,4927,4932,4934,4936,4937,4938,4944,4945,4950,4961,4963,4964,4965,4968,4970,4971,4973,4974,4978,4979,4982,4983,4984,4987,4988,4989,4992,4997"
CRX,Corte de Raza - Extra Grande,$MXN400,,"2033,2311,2448,2452,2598,2670,2837,3086,3087,3535,3537,4041,4057,4058,4390,4794,4851,4928,4980"
CRL,Corte de Raza - Grande,$MXN300,,"1719,1762,1770,1771,1778,1809,1810,1955,1986,1987,2298,2325,2358,2431,2475,2675,2680,2820,2874,2926,3040,3177,3306,3467,3622,3859,3914,4132,4133,4173,4301,4448,4451,4525,4661,4816,4854,4887,4916,4917"
CRM,Corte de Raza - Mediano,$MXN250,,"1826,1844,1853,1855,1867,1872,1873,1874,1932,1937,1978,2023,2047,2099,2232,2233,2239,2271,2286,2389,2398,2403,2486,2520,2555,2583,2589,2613,2623,2635,2679,2726,2779,2781,2807,2821,2825,2826,2853,2872,2899,2917,2927,2928,2962,2970,2979,3000,3006,3035,3036,3058,3075,3076,3089,3101,3140,3176,3307,3364,3381,3382,3391,3518,3621,3887,3937,3955,3960,3970,4020,4025,4044,4080,4086,4107,4129,4151,4203,4214,4234,4235,4240,4383,4514,4516,4526,4575,4602,4617,4693,4698,4699,4731,4732,4803,4813,4817,4899"
CYS,Curly Coat - Chico,$MXN480,,"1780,1781,1800,1804,2334,2357,2410,2465,2522,2561,2581,2603,2615,2661,2711,2740,2753,2783,2815,2852,2862,2860,2903,2904,2919,2935,2978,3012,3047,3048,3059,3067,3096,3104,3170,3183,3223,3236,3252,3289,3295,3307,3308,3326,3333,3334,3347,3351,3354,3360,3361,3393,3417,3425,3426,3458,3459,3488,3502,3506,3515,3528,3538,3563,3579,3583,3588,3614,3616,3631,3665,3674,3675,3691,3708,3711,3717,3723,3801,3806,3810,3825,3837,3852,3858,3861,3875,3883,3884,3897,3899,3907,3956,3967,3969,4003,4013,4023,4029,4033,4034,4040,4042,4075,4081,4106,4147,4155,4198,4227,4242,4266,4282,4303,4304,4342,4357,4369,4371,4394,4403,4424,4428,4435,4452,4458,4485,4486,4490,4504,4533,4537,4546,4551,4571,4573,4574,4586,4594,4603,4614,4615,4616,4636,4643,4647,4654,4655,4657,4658,4668,4678,4682,4684,4688,4692,4697,4706,4716,4726,4743,4751,4760,4766,4769,4772,4776,4778,4799,4806,4809,4810,4811,4814,4833,4834,4841,4845,4846,4847,4849,4853,4861,4865,4878,4881,4906,4913,4923,4924,4925,4926,4935,4940,4944,4950,4961,4962,4963,4984,4992,4994,4999"
CYX,Curly Coat - Extra Grande,$MXN680,,"2134,2156,2247,2248,2448,2452,2557,2558,2659,2670,2754,2755,2848,2849,2906,2907,3001,3002,3086,3087,3164,3166,3313,3370,3371,3453,3454,3535,3537,3629,3630,3712,3713,3791,3792,3880,3881,3981,3982,4041,4057,4058,4260,4268,4333,4334,4379,4390,4406,4407,4448,4451,4487,4488,4549,4550,4676,4677,4753,4754,4791,4851,4852,4928,4929,4980"
CYL,Curly Coat - Grande,$MXN580,,"1770,1953,1986,1987,2092,2129,2218,2243,2263,2298,2386,2431,2433,2543,2692,2833,2874,2926,2993,3040,3078,3089,3177,3212,3276,3373,3463,3508,3553,3622,3633,3722,3740,3859,3903,3914,3928,3966,3987,4010,4122,4132,4133,4173,4230,4301,4445,4525,4661,4715,4781,4854,4887,4891,4916,4917"
CYM,Curly Coat - Mediano,$MXN530,,"1807,2233,2312,2398,2511,2698,2807,2894,2977,3035,3036,3075,3151,3237,3320,3363,3397,3398,3587,3910,4025,4044,4116,4214,4226,4229,4240,4277,4320,4328,4408,4463,4474,4526,4577,4602,4617,4627,4644,4653,4687,4732,4792,4817,4824,4866,4899,4953,4986"
DES,Deslanado,$MXN250,,"2458,2479,2480,2481,2487,2519,2520,2526,2527,2530,2532,2537,2560,2565,2566,2569,2574,2575,2577,2586,2587,2588,2594,2613,2614,2619,2622,2638,2682,2696,2700,2704,2705,2706,2715,2722,2723,2724,2732,2762,2772,2778,2785,2818,2863,2867,2868,2870,2875,2880,2887,2895,2911,2912,2913,2917,2918,2934,2936,2956,2962,2963,2964,3013,3015,3018,3021,3022,3023,3026,3027,3046,3051,3052,3053,3054,3057,3062,3069,3070,3091,3098,3107,3113,3139,3143,3144,3145,3167,3180,3190,3220,3300,3301,3332,3362,3391,3408,3409,3410,3427,3471,3505,3511,3512,3514,3516,3517,3519,3527,3547,3590,3624,3685,3729,3731,3776,3796,3809,3838,3872,4052,4107,4395,4438,4439,4500,4521,4564,4599,4601,4606,4664,4689,4696,4702,4747,4839,4860,4954,4960"
DSL,Deslanado	,$MXN200,,"3251,3259,3271,3272,3274,3280,3281,3283,3290,3353,3890,3909,3910,3916,3939,3944,3952,3990,4138,4150,4232,4317,4423,4459,4464,4476,4482"
HSS,Hand Stripping - Chico,$MXN800,,"2240,2411,2712,3142,3348,4049,4588,4590"
HSX,Hand Stripping - Extra Grande,$MXN1200,,
HSL,Hand Stripping - Grande,$MXN1050,,2769
HSM,Hand Stripping - Mediano,$MXN900,,4991
KSS,Keratina Chico - Pelo Corto,$MXN120,,"2293,2294"
KSL,Keratina Chico - Pelo Largo,$MXN200,,"1839,2369"
KSM,Keratina Chico - Pelo Medio,$MXN160,,
KXS,Keratina Extra Grande - Pelo Corto,$MXN180,,
KXL,Keratina Extra Grande - Pelo Largo,$MXN260,,
KXM,Keratina Extra Grande - Pelo Medio,$MXN220,,
KGS,Keratina Grande - Pelo Corto,$MXN160,,
KGL,Keratina Grande - Pelo Largo,$MXN240,,1812
KGM,Keratina Grande - Pelo Medio,$MXN200,,
KMC,Keratina Mediano - Pelo Corto,$MXN140,,
KML,Keratina Mediano - Pelo Largo,$MXN220,,
KMM,Keratina Mediano - Pelo Medio,$MXN180,,1838
AMT,Masaje y aromaterapia Mascotas,$MXN250,1:00,
MCSC,Mix Coat - Chico Pelo Corto,$MXN430,,"1718,1731,2071,2174,2356,2416,2417,2835,2836,3026,3264,3286,3340,3348,3378,3689,4049,4497,4548,4589,4590,4609,4821,4872"
MCSL,Mix Coat - Chico Pelo Largo,$MXN490,,"2176,2221,2222,2250,2405,2582,2768,2856,3019,3020,3150,4325,4326,4446,4447,4484"
MCSM,Mix Coat - Chico Pelo Medio,$MXN460,,"1933,2200,2279,2472,2709,2775,2875,2931,2965,3039,3114,3115,3127,3154,3191,3192,3253,3310,3481,3525,3531,3554,3561,3562,3564,3606,3681,3693,3764,3802,3842,3857,3950,3972,4021,4068,4111,4157,4158,4167,4168,4241,4296,4306,4422,4423,4438,4495,4523,4569,4613,4717,4718,4800,4829,4864,4964,4965,4974,4991,4995"
MCXC,Mix Coat - Extra Grande Pelo Corto,$MXN630,,
MCXL,Mix Coat - Extra Grande Pelo Largo,$MXN690,,"2498,2499,2518,4397"
MCXM,Mix Coat - Extra Grande Pelo Medio,$MXN660,,1994
MCLC,Mix Coat - Grande Pelo Corto,$MXN530,,"2026,2359,4608,4993"
MCLL,Mix Coat - Grande Pelo Largo,$MXN590,,"1744,1809,1810,1869,1875,2067,2075,2122,3890,4425,4478"
MCLM,Mix Coat - Grande Pelo Medio,$MXN560,,"1958,2295,3098,3259,4160"
MCMC,Mix Coat - Mediano Pelo Corto,$MXN480,,"1944,2072,4921,4958"
MCML,Mix Coat - Mediano Pelo Largo,$MXN540,,"2322,2825,3924"
MCMM,Mix Coat - Mediano Pelo Medio,$MXN510,,"1855,1872,1873,1922,1932,2066,2118,2353,2520,2526,2569,2656,2686,2784,2826,2847,2877,2912,2962,3022,3027,3107,3121,3178,3203,3271,3381,3382,3391,3620,3634,3796,3926,3962,3988,4086,4141,4165,4191,4192,4210,4211,4212,4234,4235,4398,4421,4464,4476,4482,4522,4587,4650,4664,4764"
PWD,Pawdicure (Pintado de Uñas),$MXN100,0:45,
PRSC,Proteina Chico - Pelo Corto,$MXN150,,4738
PRSL,Proteina Chico - Pelo Largo,$MXN230,,"1990,1991,1992,2008,2268,2269,2270,2427,3930,3931,3932,4413,4414,4415,4591"
PRSM,Proteina Chico - Pelo Medio,$MXN190,,"2986,2987,3293,4601"
PRXC,Proteina Extra Grande - Pelo Corto,$MXN250,,
PRXL,Proteina Extra Grande - Pelo Largo,$MXN320,,
PRXM,Proteina Extra Grande - Pelo Medio,$MXN280,,
PRGC,Proteina Grande - Pelo Corto,$MXN210,,
PRGL,Proteina Grande - Pelo Largo,$MXN290,,3262
PRGM,Proteina Grande - Pelo Medio,$MXN250,,
PRMC,Proteina Mediano - Pelo Corto,$MXN180,,
PRML,Proteina Mediano - Pelo Largo,$MXN260,,
PRMM,Proteina Mediano - Pelo Medio,$MXN220,,"2063,2426,3274,3280"
PUCC,Puppies - Chico Pelo Corto,$MXN350,,"1854,2205"
PUCL,Puppies - Chico Pelo Largo,$MXN410,,"1722,1778,1779,2053,2212,2309"
PUCM,Puppies - Chico Pelo Medio,$MXN380,,"1754,2019,2264,2301,2340,2376,2546,2614,2669,2732,2748,2824,2920"
QRSC,Quick Refresh - Chico Pelo Corto,$MXN330,1:30,"6,25,28,35,41,53,67,70,86,87,94,101,108,116,115,120,132,144,146,147,26,32,29,33,31,30,153,154,161,163,164,165,173,175,180,181,191,195,203,212,220,221,223,225,227,228,235,236,238,243,251,257,259,268,269,270,275,276,280,282,289,298,299,302,310,315,317,318,319,326,329,336,338,340,341,344,350,354,373,374,377,378,379,380,381,394,395,402,403,405,407,424,429,430,434,435,443,444,448,455,461,464,466,468,474,475,477,481,483,485,486,488,489,491,492,498,499,502,503,504,509,510,515,520,521,523,527,531,534,535,543,547,551,561,562,566,567,568,575,576,587,589,595,614,623,624,626,627,634,635,636,637,640,645,649,651,652,662,663,664,665,668,676,677,678,681,682,684,685,686,695,694,701,704,706,707,719,727,736,738,740,741,744,745,752,760,761,767,768,771,772,774,777,778,781,783,791,792,793,794,799,805,806,815,816,817,818,820,822,838,840,841,842,853,854,856,863,865,880,883,884,885,887,888,889,894,1029,902,903,906,908,919,922,923,924,930,931,933,945,949,950,952,957,967,973,974,975,977,978,979,986,993,996,998,999,1006,1009,1010,1011,1014,1020,1024,1025,1026,1031,1033,1034,1037,1042,1043,1044,1045,1048,1052,1061,1062,1068,1072,1074,156,1076,1081,1082,1083,1084,1085,1091,1092,1093,1103,1104,1105,1106,1108,1116,1117,1118,1119,1122,1135,1137,1140,1141,1144,1145,1146,1149,1150,1158,1159,1160,1162,1163,1164,1166,1177,1077,1178,1180,1186,1187,1189,1194,1196,1198,1206,1207,1209,1210,1216,1221,1222,1226,1228,1229,1230,1231,1235,1242,1243,1245,1248,1254,1255,1256,1267,1269,1271,1282,1283,1285,1286,1291,1292,1293,1294,1295,1297,1298,1299,1307,1310,1312,1313,1315,1320,1321,1322,1325,1328,1329,1330,1331,1333,1336,1338,1341,1342,1345,1348,1349,1350,1351,1352,1353,1354,1356,1357,1362,1365,1366,1373,1377,1378,1379,1382,1383,1384,1388,1391,1392,1394,1395,1396,1397,1401,1402,1409,1410,1411,1412,1414,1415,1416,1417,1420,1421,1422,1425,1426,1427,1428,1429,1430,1431,1432,1433,1434,1440,1441,1448,1454,1455,1456,1457,1459,1462,1463,1466,1469,1470,1476,1483,1484,1485,1486,1490,1491,1492,1494,1495,1500,1506,1507,1028,1509,1510,1512,1514,1515,1523,1525,1526,1527,1530,1522,1533,1538,1540,1544,1545,1546,1555,1556,1562,1563,1564,1565,1568,1572,1575,1576,1580,1585,1586,1587,1588,1591,1593,1594,1599,1601,1602,1605,1611,1612,1613,1614,1617,1621,1622,1623,1624,1627,1629,1630,1631,1632,1633,1634,1635,1636,1637,1639,1641,1642,1650,1653,1657,1658,1661,1664,1665,1666,1667,1668,1669,1670,1671,1682,1685,1686,1687,1688,1691,1693,1694,1695,1696,1697,1699,1709,1715,1789,1795,1848,1858,1866,1868,1906,1913,1907,1924,1959,2036,2084,2098,2109,2127,2230,2240,2266,2411,2423,2424,2434,2455,2510,2539,2564,2567,2568,2609,2610,2616,2631,2696,2725,2757,2758,2769,2776,2780,2793,2811,2882,2883,2885,2949,2952,2975,3003,3016,3033,3061,3090,3106,3111,3112,3118,3134,3135,3136,3137,3142,3156,3157,3198,3199,3215,3221,3268,3277,3278,3292,3316,3335,3424,3432,3460,3489,3490,3500,3509,3543,3544,3696,3697,3770,3771,3805,3873,3874,3942,4323,4324,4364,4365,4543,4725,4786,4787,4819,4820,4862,4863,4900,4901,4942,4943"
QRCL,Quick Refresh - Chico Pelo Largo,$MXN390,,"1710,1711,1739,1743,1760,1761,1871,1899,1908,1935,1960,1961,1962,1963,1968,1988,1990,1991,1992,2006,2013,2014,2043,2056,2065,2068,2105,2107,2114,2138,2152,2180,2226,2227,2228,2229,2262,2267,2268,2269,2270,2308,2324,2335,2394,2441,2468,2485,2507,2508,2509,2533,2538,2605,2618,2632,2655,2657,2710,2714,2722,2723,2724,2742,2746,2749,2750,2767,2777,2787,2805,2808,2809,2810,2816,2817,2822,2831,2888,2890,2901,2937,2940,2955,2969,2995,3018,3030,3031,3032,3044,3072,3074,3080,3081,3109,3110,3122,3126,3148,3208,3209,3210,3260,3302,3407,3443,3473,3524,3551,3566,3655,3759,3808,3816,3846,3886,3893,3894,3918,3930,3931,3932,3958,4002,4019,4026,4028,4038,4067,4202,4258,4289,4302,4431,4432,4433,4434,4454,4483,4634,4635,4704,4709"
QRCM,Quick Refresh - Chico Pelo Medio,$MXN360,,"1717,1720,1883,1993,2021,2042,2125,2132,2187,2237,2241,2284,2285,2306,2383,2384,2385,2430,2440,2476,2514,2516,2576,2647,2654,2677,2694,2712,2716,2929,3007,3050,3124,3173,3339,3392,3433,3434,3435,3479,3496,3546,3600,3703,3725,3726,3727,3728,3734,3742,3763,3800,3807,3829,3830,3836,3863,3922,3923,3952,3992,3995,3996,3997,3998,4011,4012,4097,4098,4114,4195,4208,4209,4232,4238,4239,4253,4254,4322,4450,4466,4517,4694,4695,4739,4740,4884,4885"
QRXC,Quick Refresh - Extra Grande Pelo Corto,$MXN530,3:00,"24,177,339,417,432,447,453,512,542,586,590,621,722,746,747,804,827,828,839,920,932,982,1004,1021,1099,1102,1129,1130,1151,1188,1203,1259,1272,1473,1513,1620,2395,2396"
QRXL,Quick Refresh - Extra Grande Pelo Largo,$MXN590,,"2011,2033,2311,2373,2422,2527,2530,2598,2718,2772,2870,3037,3204,3205,3427,4078,4102,4197,4213,4344,4377,4404"
QRXM,Quick Refresh - Extra Grande Pelo Medio,$MXN560,,"2116,2595"
QRLC,Quick Refresh - Grande Pelo Corto,$MXN430,2:30,"19,36,39,48,49,50,52,55,59,60,65,75,76,77,79,89,95,96,99,100,102,104,107,110,128,130,133,134,40,57,66,157,152,168,176,179,185,193,196,197,207,208,210,214,226,229,231,234,241,247,254,258,260,261,264,265,266,267,274,279,285,291,295,300,303,308,309,301,316,323,325,327,334,343,349,351,353,355,356,357,363,364,365,366,387,393,400,409,410,411,414,449,457,467,476,532,537,540,550,553,573,594,612,615,653,683,739,743,780,819,850,879,897,915,948,961,987,1002,1017,1030,1059,1155,1168,1223,1240,1246,1264,1268,1284,1306,1308,1314,1317,1318,1319,1326,1337,1346,337,1369,1386,1398,1404,1406,1437,1468,1480,1481,1489,1520,1524,1528,1537,1542,1543,1550,1553,1559,1582,1589,1592,1595,1607,1616,1625,1628,1647,1659,1660,1673,1674,1676,1692,1774,1787,2055,3304,3929,4046"
QRLL,Quick Refresh - Grande Pelo Largo,$MXN490,,"1828,1862,1896,1934,2029,2123,2189,2348,2372,2392,2409,2467,2517,2578,2599,2612,2786,2820,2881,2956,3046,3084,3200,3222,3317,3319,3511,3545,3596,3704,3809,3838,4009,4137,4169,4278,4287,4696,4733"
QRLM,Quick Refresh - Grande Pelo Medio,$MXN460,,"2115,2601,2778,2782,2961,2992,3065,3492,3866"
QRMC,Quick Refresh - Mediano Pelo Corto,$MXN380,2:00,"2,1,3,9,8,11,13,14,27,37,42,47,51,56,58,64,68,69,74,81,84,92,93,103,105,106,109,112,113,117,119,114,124,127,129,135,137,138,139,140,141,142,143,150,38,88,155,159,160,162,166,167,169,170,171,172,178,182,183,184,187,192,198,201,206,211,213,217,218,219,222,224,232,233,237,240,253,272,284,286,287,288,292,293,294,296,305,306,307,320,321,328,330,342,347,348,360,361,362,369,370,371,372,376,382,383,386,399,408,412,413,415,421,422,425,426,427,428,431,437,438,439,440,446,456,458,460,462,463,471,473,482,484,490,501,505,511,525,526,530,533,536,538,539,541,546,548,552,554,555,556,559,565,574,578,580,581,591,592,593,602,604,607,611,616,619,620,622,630,631,633,638,639,650,654,666,669,674,673,680,690,703,710,715,720,723,728,729,731,735,742,749,751,753,766,769,782,785,789,795,803,808,809,810,814,823,830,831,833,834,836,846,849,851,861,870,872,874,876,878,890,892,900,901,907,912,913,914,925,927,928,929,935,941,942,946,955,956,962,965,966,868,976,985,988,994,995,1000,1003,1012,1013,1018,1023,1035,1038,1039,1040,1041,1047,1051,1054,1058,1060,1063,1064,1067,1069,1073,1075,1079,1086,1087,1088,1094,1095,1098,1101,1110,1111,1112,1113,1120,1121,1123,1126,1127,1128,1131,1133,1136,1142,1152,1153,1154,1165,1169,1183,1185,1193,1204,1205,1208,1211,1217,1220,1224,1027,1237,1239,1244,1247,1249,1250,1251,1252,1253,1260,1261,1263,1265,1273,1274,1275,1276,1281,1287,1289,1290,1296,1300,1309,1311,1316,1323,1324,1327,1347,1355,1359,1363,1364,1367,1368,1372,1374,1376,1381,1385,1389,1390,1399,1403,1413,1418,1419,1435,1436,1442,1444,1445,1446,1447,1449,1450,1458,1464,1465,1467,1474,1482,1487,1488,1493,1496,1497,1508,1511,1516,1529,1531,1534,1536,1548,1549,1551,1552,1557,1558,1560,1567,1571,1573,1581,1583,1584,1590,1596,1597,1608,1610,1626,1638,1640,1643,1644,1645,1646,1649,1651,1652,1654,1655,1656,1662,1675,1678,1681,1683,1700,1701,1788,1811,1816,1849,1887,1965,1966,2012,2046,2047,2064,2111,2162,2178,2313,2333,2421,2653,2773,2838,2869,2942,3233,3234,3240,3247,3275,3325,3336,3337,3682"
QRML,Quick Refresh - Mediano Pelo Largo,$MXN440,,"1736,1783,1794,1867,1981,2054,2271,2283,2304,2555,2606,2726,2739,2821,3006,3058,3338,3804,3937,3955,4470"
QRMM,Quick Refresh - Mediano Pelo Medio,$MXN410,,"1716,1734,1740,1753,1750,1757,1763,1764,1758,1765,1775,1777,1806,1821,1842,1844,1853,1857,1882,1884,1890,1894,1996,2023,2035,2052,2069,2088,2089,2096,2099,2101,2117,2143,2181,2186,2204,2199,2232,2239,2252,2260,2261,2302,2321,2323,2325,2350,2368,2374,2389,2403,2414,2420,2427,2446,2464,2478,2482,2486,2495,2512,2513,2523,2547,2583,2589,2590,2606,2613,2617,2620,2629,2633,2685,2697,2706,2736,2737,2738,2791,2795,2797,2803,2806,2853,2887,2899,2900,2921,2927,2928,2946,2960,2967,2970,2979,2980,2996,2997,3000,3069,3070,3073,3076,3101,3108,3117,3119,3123,3130,3132,3153,3250,3261,3269,3298,3345,3352,3355,3356,3386,3387,3430,3451,3472,3495,3512,3518,3576,3577,3602,3621,3638,3647,3651,3686,3705,3733,3788,3814,3887,3895,3896,3913,3970,4001,4018,4020,4027,4077,4080,4129,4140,4139,4151,4203,4206,4207,4223,4288,4317,4341,4351,4352,4383,4386,4439,4442,4461,4462,4467,4468,4479,4514,4516,4600,4624,4625,4645,4700,4731,4762,4803,4867,4955"
RAN,Rapado por nudos,$MXN300,,"3918,4063,4172,4422,4799,4924,4935"
RNM,Remoción de Nudos Media Sesión,$MXN250,,"3887,3914,3971,3977,3986,3992,3303,4402,4566,4716,4759,4760"
RNC,Remoción Nudos Completa,$MXN500,,"1804,1820,1830,1914,1925,1985,1993,2105,2120,2173,2291,2348,2461,2463,2469,2470,2494,2517,2533,2544,2553,2557,2570,2578,2599,2600,2605,2627,2639,2643,2650,2666,2710,2714,2719,2729,2746,2770,2771,2799,2800,2812,2828,2926,2961,2988,2995,3009,3012,3036,3039,3049,3064,3089,3173,3174,3177,3308,3318,3320,3321,3326,3363,3364,3398,3443,3474,3588,3603,3691,3720,3723,3807,3856,3859,3910,4229,4236,4286,4303,4390,4445,4571,4617,4697,4733,4791,4794"
RNLS,Remoción Nudos Ligero  - Perro Chico,$MXN300,,"2226,2306,2308,2317"
RNLX,Remoción Nudos Ligero - Perro Extra Grande,$MXN500,,2315
RNLL,Remoción Nudos Ligero - Perro Grande,$MXN400,0:30,"2294,2344,2352,3254,3262"
RNLM,Remoción Nudos Ligero - Perro Mediano,$MXN350,,"1783,2088"
RNMX,Remoción Nudos Moderado - Perro Extra Grande,$MXN700,0:30,"2311,2497,2498,2499"
RNML,Remoción Nudos Moderado - Perro Grande,$MXN600,,2075
RNMM,Remoción Nudos Moderado - Perro Mediano,$MXN550,1:00,"54,71,80,83,118,145,174,186,194,215,230,250,465,518,522,867,1380,1517,2239,2377,2392,2394,2412,2422,2425,2429,2433,2500,2514,3268,3273,3509,3520,3524"
RNSS,Remoción Nudos Severo - Perro Chico,$MXN600,,"1797,1808,1945,2114"
RNSX,Remoción Nudos Severo - Perro Extra Grande,$MXN800,,
RNSL,Remoción Nudos Severo - Perro Grande,$MXN700,,"1799,1814,1822,1953,2026,2052,2206,2207,1812,1897,2496,2612"
RNSM,Remoción Nudos Severo - Perro Mediano,$MXN650,,
STP,Sesión Stripping Pelo Duro (x día - 3 hrs),$MXN350,3:00,"3632,4718,4821,4908,4909"
SCC,Short Coat - Chico,$MXN430,0:30,"1712,1714,1725,1727,1769,1766,1792,1803,1846,1856,1863,1878,1898,1900,1901,1916,1950,1957,2005,2025,2028,2062,2090,2128,2136,2146,2172,2177,2196,2203,2211,2253,2259,2278,2300,2307,2329,2367,2382,2390,2400,2402,2413,2419,2436,2460,2471,2483,2484,2541,2562,2579,2596,2597,2604,2625,2638,2681,2691,2695,2704,2727,2731,2747,2774,2801,2819,2859,2876,2879,2886,2913,2930,2932,2971,3051,3053,3063,3091,3128,3168,3184,3219,3228,3230,3231,3246,3263,3266,3267,3270,3283,3291,3305,3332,3368,3377,3410,3431,3475,3482,3486,3522,3541,3574,3586,3694,3732,3765,3773,3775,3783,3835,3860,3901,3909,3919,3927,3951,3975,3990,3993,3994,4004,4017,4032,4051,4052,4061,4062,4069,4112,4120,4175,4186,4188,4222,4225,4247,4259,4295,4297,4331,4343,4353,4354,4356,4396,4416,4508,4515,4524,4539,4560,4568,4570,4576,4606,4605,4641,4651,4652,4659,4660,4663,4674,4723,4752,4775,4828,4842,4843,4868,4886,4890,4919,4956,4969,4977,4981"
SCX,Short Coat - Extra Grande,$MXN630,,"1860,2010,2277,2671,2851,3023,3285,3468,3658,3845,4360,4499"
SCL,Short Coat - Grande,$MXN530,,"1721,1719,1726,1735,1841,1918,2022,2195,2206,2207,2552,2700,2834,2897,2924,3029,3249,3532,3533,3539,3702,3797,3948,4103,4104,4105,4150,4177,4453,4736,4844,4920"
SCM,Short Coat - Mediano,$MXN480,0:45,"1713,1737,1768,1785,1786,1805,1815,1823,1851,1852,1885,1923,1930,1946,1954,1956,2027,2031,2076,2097,2103,2137,2157,2194,2216,2249,2272,2275,2345,2349,2360,2361,2401,2450,2453,2454,2491,2501,2540,2548,2549,2574,2660,2683,2699,2756,2762,2788,2845,2850,2854,2905,2933,2959,3025,3057,3088,3094,3138,3139,3147,3165,3187,3224,3245,3251,3281,3300,3314,3369,3395,3418,3428,3455,3457,3476,3536,3540,199,3571,3628,3650,3661,3671,3714,3718,3750,3769,3776,3790,3832,3879,3900,3920,3947,3959,3968,3980,4047,4070,4109,4126,4134,4138,4144,4148,4174,4255,4290,4316,4363,4384,4395,4400,4440,4459,4541,4542,4675,4686,4701,4770,4779,4855,4858,4859,4871,4915,4918,4946,4966,4985,4996"
STC,Straight Coat - Chico,$MXN480,,"1723,1733,1738,1745,1748,1749,1751,1752,1755,1773,1782,1784,1797,1798,1808,1827,1837,1840,1864,1889,1902,1915,1919,1920,1925,1927,1929,1951,1952,1945,1973,1977,1980,1982,1983,1985,1998,1989,2000,2001,2002,2015,2016,2017,2030,2041,2057,2063,2074,2082,2083,2085,2086,2087,2091,2102,2106,2121,2141,2142,2144,2155,2158,2159,2160,2166,2173,2175,2179,2184,2197,2198,2213,2214,2217,2220,2223,2224,2225,2231,2244,2246,2254,2257,2274,2276,2292,2293,2294,2310,2316,2317,2326,2332,2336,2369,2391,2415,2425,2428,2429,2432,2439,2442,2444,2445,2457,2459,2462,2463,2477,2492,2494,2500,2503,2504,2505,2525,2531,2553,2556,2559,2560,2572,2573,2585,2591,2592,2600,2602,2608,2611,2626,2627,2639,2640,2643,2646,2649,2650,2662,2667,2672,2673,2674,2688,2689,2701,2708,2733,2734,2743,2744,2745,2751,2752,2763,2764,2766,2771,2796,2799,2800,2804,2812,2814,2818,2830,2858,2857,2867,2871,2889,2893,2902,2908,2909,2914,2916,2922,2923,2938,2947,2953,2954,2963,2981,2982,2986,2987,2989,2994,3005,3009,3010,3014,3017,3038,3052,3062,3079,3082,3083,3095,3102,3103,3116,3131,3161,3162,3163,3174,3175,3181,3182,3185,3188,3195,3197,3206,3211,3216,3217,3220,3227,3235,3238,3241,3265,3273,3284,3287,3288,3293,3309,3318,3323,3324,3341,3346,3349,3357,3359,3365,3366,3367,3379,3383,3389,3396,3401,3402,3411,3412,3413,3414,3415,3416,3421,3438,3444,3445,3461,3466,3474,3478,3480,3487,3503,3504,3507,3510,3521,3523,3534,3548,3549,3552,3557,3559,3470,3565,3558,3570,3578,3580,3585,3589,3591,3601,3603,3604,3605,3607,3609,3615,3623,3626,3635,3639,3641,3648,3649,3652,3653,3677,3683,3684,3687,3698,3700,3706,3721,3739,3741,3743,3744,3748,3751,3767,3772,3779,3793,3798,3815,3821,3823,3824,3831,3834,3850,3851,3856,3862,3864,3867,3868,3870,3882,3888,3889,3902,3905,3906,3912,3915,3933,3934,3935,3938,3943,3946,3953,3954,3963,3964,3971,3976,3978,3979,3986,3989,4005,4014,4015,4016,4024,4037,4039,4050,4053,4059,4060,4063,4065,4066,4073,4074,4093,4094,4108,4110,4119,4127,4130,4136,4146,4149,4159,4176,4183,4184,4190,4189,4187,4193,4194,4196,4201,4205,4215,4216,4217,4218,4219,4221,4231,4236,4243,4244,4245,4248,4251,4252,4256,4257,4261,4264,4273,4274,4280,4281,4284,4286,4299,4300,4311,3303,4327,4330,4332,4335,4336,4340,4348,4349,4350,4355,4358,4370,4378,4388,4393,4402,4412,4418,4420,4419,4426,4427,4430,4437,4441,4444,4455,4456,4457,4465,4477,4480,4481,4489,4507,4509,4502,4505,4513,4518,4519,4520,4529,4532,4536,4544,4545,4565,4572,4604,4607,4610,4611,4622,4623,4630,4631,4632,4633,4637,4638,4639,4640,4595,4596,4597,4642,1843,4648,4656,4662,4666,4667,4669,4671,4685,4703,4707,4711,4712,4713,4719,4720,4721,4722,4728,4729,4730,4734,4737,4738,4745,4749,4758,4759,4761,4763,4765,4771,4782,4801,4804,4815,4822,4823,4826,4827,4835,4870,4873,4876,4877,4879,4880,4883,4896,4897,4904,4910,4911,4912,4930,4932,4934,4936,4937,4938,4939,4941,4945,4957,4968,4970,4971,4972,4973,4978,4979,4982,4983,4987,4988,4997"
STX,Straight Coat - Extra Grande,$MXN680,,"1845,2153,2387,2682,2868,3015,3226,3353,3974,4429"
STL,Straight Coat - Grande,$MXN580,,"1791,1799,1850,1870,1921,1926,1942,2009,2048,2112,2124,2190,2256,2280,2281,2341,2438,2515,2536,2621,2634,2735,2844,3028,3218,3306,3329,3342,3406,3462,3467,3471,3505,3513,3526,3542,3597,3624,3644,3690,3695,3716,3737,3780,3843,3917,3991,4154,4237,4310,4313,4347,4382,4491,4566,4591,4592,1832,4665,4705,4724,4777,4798,4807,4836,4892,4967"
STM,Straight Coat - Mediano,$MXN530,,"1732,1746,1790,1801,1802,1831,1838,1861,1891,1893,1912,1964,1997,2003,2018,2024,2044,2045,2051,2104,2110,2130,2133,2167,2168,2219,2234,2235,2242,2255,2273,2282,2305,2337,2346,2351,2408,2426,2435,2451,2456,2474,2502,2519,2532,2554,2593,2619,2658,2684,2720,2721,2741,2759,2779,2781,2790,2813,2911,2925,3054,3068,3113,3133,3140,3160,3171,3172,3180,3201,3202,3239,3274,3280,3301,3328,3380,3423,3441,3517,3547,3590,3612,3701,3738,3768,3786,3848,3849,3908,3911,3921,3944,4007,4056,4107,4115,4246,4291,4298,4307,4380,4503,4599,4601,4612,4619,4620,4621,4689,4698,4699,4768,4780,4802,4812,4813,4837,4838,4850,4882,4903,4905,4907,4954,4960"
VUS,Volume Up - Chico,$MXN430,1:00,"1702,1703,1705,1729,1728,1730,1741,1747,1759,1767,1771,1772,1776,1796,1813,1817,1818,1819,1820,1824,1830,1833,1834,1835,1839,1847,1876,1877,1879,1880,1895,1897,1903,1904,1905,1909,1910,1911,1914,1917,1931,1938,1939,1940,1941,1947,1948,1949,1969,1970,1971,1972,1974,1975,1979,1984,1995,1999,2004,2007,2008,2020,2032,2034,2040,2050,2058,2059,2060,2061,2073,2077,2080,2081,2108,2119,2120,2126,2131,2147,2148,2149,2169,2170,2171,2183,2185,2191,2192,2193,2201,2202,2208,2209,2238,2245,2258,2265,2287,2288,2289,2290,2291,2296,2303,2314,2318,2319,2320,2328,2338,2339,2344,2352,2354,2355,2371,2377,2378,2379,2380,2381,2388,2393,2397,2399,2404,2406,2407,2412,2418,2437,2443,2447,2449,2458,2461,2466,2469,2470,2473,2479,2480,2481,2489,2490,2521,2524,2528,2534,2535,2542,2544,2545,2550,2551,2565,2566,2570,2571,2584,2586,2587,2588,2594,2607,2622,2628,2636,2641,2644,2645,2648,2651,2652,2663,2664,2665,2666,2678,2687,2690,2693,2702,2703,2707,2713,2717,2728,2729,2730,2760,2761,2765,2792,2798,2828,2832,2839,2840,2841,2843,2846,2861,2864,2865,2866,2873,2884,2891,2895,2896,2910,2915,2918,2934,2941,2943,2944,2950,2951,2957,2958,2964,2973,2974,2976,2983,2984,2988,2991,2998,2999,3008,3024,3034,3041,3042,3043,3049,3056,3060,3064,3085,3092,3093,3097,3099,3100,3120,3125,3129,3141,3143,3144,3145,3152,3158,3159,3167,3169,3179,3186,3193,3207,3213,3214,3229,3244,3248,3254,3255,3256,3257,3258,3272,3279,3311,3315,3322,3327,3330,3331,3343,3344,3350,3362,3372,3375,3376,3384,3385,3394,3399,3400,3403,3404,3405,3408,3409,3420,3429,3439,3442,3447,3448,3452,3464,3465,3485,3493,3494,3497,3498,3499,3501,3514,3516,3519,3520,3527,3529,3530,3550,3569,3584,3594,3595,3598,3610,3611,3613,3617,3618,3625,3636,3642,3643,3645,3657,3667,3669,3670,3672,3676,3678,3679,3680,3699,3707,3710,3719,3720,3729,3730,3731,3747,3749,3752,3753,3755,3756,3757,3759,3762,3766,3774,3778,3789,3794,3813,3817,3820,3822,3826,3827,3828,3839,3840,3841,3855,3869,3871,3876,3877,3878,3885,3891,3892,3898,3925,3939,3940,3941,3957,3973,3977,3984,3999,4000,4022,4030,4031,4045,4048,4054,4055,4064,4071,4072,4076,4079,4083,4084,4088,4089,4095,4096,4099,4101,4113,4128,4145,4161,4162,4172,4178,4179,4181,4185,4199,4200,4220,4224,4228,4233,4249,4265,4267,4271,4272,4275,4276,4283,4285,4293,4294,4305,4314,4318,4319,4321,4337,4338,4339,4359,4376,4387,4389,4391,4392,4401,4413,4414,4415,4443,4449,4460,4472,4473,4475,4492,4493,4494,4496,4501,4528,4534,4540,4563,4564,4567,4582,4593,4598,4626,4628,4629,1886,4646,4670,4672,4673,4679,4680,4681,4683,4710,4714,4735,4741,4742,4744,4746,4756,4757,4773,4784,4785,4793,4795,4796,4797,4805,4808,4818,4830,4831,4832,4840,4857,4874,4875,4889,4893,4895,4898,4914,4947,4948,4949,4951,4952,4959,4975,4989,4990"
VUX,Volume Up - Extra Grande,$MXN630,1:30,"1704,1865,1936,2145,2347,2487,2497,2577,2676,2715,2837,2880,3296,3582,3872,4839,4860"
VUL,Volume Up - Grande,$MXN530,1:30,"1756,1762,1812,1814,1822,1825,1881,1888,1892,1955,1943,1976,2039,2070,2113,2151,2188,2236,2297,2315,2330,2358,2475,2496,2624,2637,2680,2855,2892,2948,3045,3146,3190,3196,3262,3290,3787,3961,4166,4521,4649,4902"
VUM,Volume Up - Mediano,$MXN480,1:00,"1742,1826,1836,1859,1874,1937,1967,1978,2049,2094,2100,2154,2165,2182,2251,2286,2327,2375,2488,2493,2506,2529,2537,2575,2623,2630,2635,2642,2679,2705,2770,2785,2789,2823,2827,2829,2842,2872,2878,2898,2917,2936,2939,2990,3011,3021,3055,3066,3077,3105,3149,3155,3176,3194,3225,3232,3243,3297,3374,3388,3436,3446,3456,3491,3581,3599,3637,3640,3685,3688,3761,3784,3799,3833,3916,3960,3985,4006,4008,4092,4153,4250,4292,4498,4500,4575,4583,4578,4579,4580,1793,1829,4693,4702,4747,4774,4783,4825,4869,4888,4931,4933,4976"